prior,trial,true_cell,detected,n_missions,cost_used,final_p_true,final_entropy
P1_linear_nowit_informative,0,909,False,10,224.0,0.0004839913421555519,7.3662263348684025
P1_linear_nowit_informative,1,547,False,10,224.0,0.0009352475342994793,7.3662263348684025
P1_linear_nowit_informative,2,1053,True,2,210.0,0.000794200497897042,7.359705524655107
P1_linear_nowit_informative,3,812,False,10,224.0,0.0003965319359200395,7.3662263348684025
P1_linear_nowit_informative,4,134,False,10,224.0,0.0005684754686778404,7.3662263348684025
P1_linear_nowit_informative,5,1517,False,10,224.0,0.000542368435550573,7.3662263348684025
P1_linear_nowit_informative,6,874,False,10,224.0,0.0002826589472436685,7.3662263348684025
P1_linear_nowit_informative,7,916,False,10,224.0,0.00033593358915802105,7.3662263348684025
P1_linear_nowit_informative,8,182,False,10,224.0,0.0004918180330950071,7.3662263348684025
P1_linear_nowit_informative,9,563,False,10,224.0,0.00039654249338452665,7.3662263348684025
P1_linear_nowit_informative,10,471,False,10,224.0,0.00032663583273015597,7.3662263348684025
P1_linear_nowit_informative,11,1227,False,10,224.0,0.000337341532554939,7.3662263348684025
P1_linear_nowit_informative,12,758,False,10,224.0,0.00050947193279563,7.3662263348684025
P1_linear_nowit_informative,13,969,False,10,224.0,0.0003109290326155163,7.3662263348684025
P1_linear_nowit_informative,14,559,False,10,224.0,0.0004995035747952741,7.3662263348684025
P1_linear_nowit_informative,15,319,False,10,224.0,0.00038744721777266434,7.3662263348684025
P1_linear_nowit_informative,16,663,False,10,224.0,0.00038217990940548854,7.3662263348684025
P1_linear_nowit_informative,17,90,False,10,224.0,0.000850474021295386,7.3662263348684025
P1_linear_nowit_informative,18,976,False,10,224.0,0.0002893858815717495,7.3662263348684025
P1_linear_nowit_informative,19,723,False,10,224.0,0.0002853906807468703,7.3662263348684025
P1_linear_nowit_informative,20,871,False,10,224.0,0.0002912488097319804,7.3662263348684025
P1_linear_nowit_informative,21,465,False,10,224.0,0.0003850023809951387,7.3662263348684025
P1_linear_nowit_informative,22,1474,False,10,224.0,0.0004418568053245435,7.3662263348684025
P1_linear_nowit_informative,23,1120,False,10,224.0,0.0003277380091874873,7.3662263348684025
P1_linear_nowit_informative,24,912,False,10,224.0,0.0004031482784775776,7.3662263348684025
P1_linear_nowit_informative,25,273,False,10,224.0,0.0003863035556580728,7.3662263348684025
P1_linear_nowit_informative,26,568,False,10,224.0,0.00032766284662411147,7.3662263348684025
P1_linear_nowit_informative,27,73,False,10,224.0,0.0005103679126888446,7.3662263348684025
P1_linear_nowit_informative,28,223,False,10,224.0,0.00041070762692602396,7.3662263348684025
P1_linear_nowit_informative,29,781,False,10,224.0,0.00030488259880247177,7.3662263348684025
P1_linear_nowit_informative,30,864,False,10,224.0,0.00036102383168528686,7.3662263348684025
P1_linear_nowit_informative,31,1452,True,1,105.0,0.0011883280617963335,7.341158038639278
P1_linear_nowit_informative,32,422,False,10,224.0,0.00033525560328493526,7.3662263348684025
P1_linear_nowit_informative,33,471,False,10,224.0,0.00032663583273015597,7.3662263348684025
P1_linear_nowit_informative,34,569,False,10,224.0,0.0003194000588998813,7.3662263348684025
P1_linear_nowit_informative,35,271,False,10,224.0,0.000394473567912509,7.3662263348684025
P1_linear_nowit_informative,36,183,False,10,224.0,0.0005088105907498999,7.3662263348684025
P1_linear_nowit_informative,37,571,False,10,224.0,0.00030728603950924845,7.3662263348684025
P1_linear_nowit_informative,38,319,False,10,224.0,0.00038744721777266434,7.3662263348684025
P1_linear_nowit_informative,39,768,False,10,224.0,0.0003100826888576028,7.3662263348684025
P1_linear_nowit_informative,40,535,False,10,224.0,0.00038570325479155444,7.3662263348684025
P1_linear_nowit_informative,41,1004,True,2,210.0,0.0007043142285347817,7.359705524655107
P1_linear_nowit_informative,42,813,False,10,224.0,0.0003765215692524782,7.3662263348684025
P1_linear_nowit_informative,43,417,False,10,224.0,0.00037245043185077365,7.3662263348684025
P1_linear_nowit_informative,44,1003,False,10,224.0,0.00036766697958726585,7.3662263348684025
P1_linear_nowit_informative,45,957,False,10,224.0,0.0005685610121785857,7.3662263348684025
P1_linear_nowit_informative,46,485,False,10,224.0,0.0003994750365843574,7.3662263348684025
P1_linear_nowit_informative,47,378,False,10,224.0,0.00035437186723644886,7.3662263348684025
P1_linear_nowit_informative,48,779,False,10,224.0,0.00029189372273031835,7.3662263348684025
P1_linear_nowit_informative,49,208,False,10,224.0,0.0007256282560788471,7.3662263348684025
P2_linear_wit_informative,0,909,False,10,228.0,0.0001488113563967628,6.877484578371882
P2_linear_wit_informative,1,547,False,10,228.0,0.002184787454649712,6.877484578371882
P2_linear_wit_informative,2,1053,False,10,228.0,0.00018309423412444256,6.877484578371882
P2_linear_wit_informative,3,812,False,10,228.0,0.00014277746732779917,6.877484578371882
P2_linear_wit_informative,4,134,False,10,228.0,0.0006180493556035048,6.877484578371882
P2_linear_wit_informative,5,1517,False,10,228.0,0.00023860996999221964,6.877484578371882
P2_linear_wit_informative,6,874,False,10,228.0,0.0001818843815169167,6.877484578371882
P2_linear_wit_informative,7,916,False,10,228.0,0.00014703799157339952,6.877484578371882
P2_linear_wit_informative,8,182,False,10,228.0,0.0004799953931342089,6.877484578371882
P2_linear_wit_informative,9,563,False,10,228.0,0.00015075618974137796,6.877484578371882
P2_linear_wit_informative,10,471,False,10,228.0,0.00018328605868423575,6.877484578371882
P2_linear_wit_informative,11,1227,False,10,228.0,0.0002485469055541035,6.877484578371882
P2_linear_wit_informative,12,758,False,10,228.0,0.00014934394241445412,6.877484578371882
P2_linear_wit_informative,13,969,False,10,228.0,0.00015711789322092316,6.877484578371882
P2_linear_wit_informative,14,559,False,10,228.0,0.00015499281335536034,6.877484578371882
P2_linear_wit_informative,15,319,False,10,228.0,0.00019871714253491768,6.877484578371882
P2_linear_wit_informative,16,663,False,10,228.0,0.00014506993618796805,6.877484578371882
P2_linear_wit_informative,17,90,False,10,228.0,0.0006597269340564382,6.877484578371882
P2_linear_wit_informative,18,976,False,10,228.0,0.00020470859442139216,6.877484578371882
P2_linear_wit_informative,19,723,False,10,228.0,0.0001753937647767738,6.877484578371882
P2_linear_wit_informative,20,871,False,10,228.0,0.0001623343965729213,6.877484578371882
P2_linear_wit_informative,21,465,False,10,228.0,0.00016183427811176037,6.877484578371882
P2_linear_wit_informative,22,1474,False,10,228.0,0.00027694159674113546,6.877484578371882
P2_linear_wit_informative,23,1120,False,10,228.0,0.0001728432431706613,6.877484578371882
P2_linear_wit_informative,24,912,False,10,228.0,0.00014472812559989079,6.877484578371882
P2_linear_wit_informative,25,273,False,10,228.0,0.00024068772998075703,6.877484578371882
P2_linear_wit_informative,26,568,False,10,228.0,0.00015891106470951335,6.877484578371882
P2_linear_wit_informative,27,73,False,10,228.0,0.000323606214732667,6.877484578371882
P2_linear_wit_informative,28,223,False,10,228.0,0.0002567844358619395,6.877484578371882
P2_linear_wit_informative,29,781,False,10,228.0,0.0002768998952639906,6.877484578371882
P2_linear_wit_informative,30,864,False,10,228.0,0.00014344917739158723,6.877484578371882
P2_linear_wit_informative,31,1452,False,10,228.0,0.00025884030462260864,6.877484578371882
P2_linear_wit_informative,32,422,False,10,228.0,0.00019765141015269614,6.877484578371882
P2_linear_wit_informative,33,471,False,10,228.0,0.00018328605868423575,6.877484578371882
P2_linear_wit_informative,34,569,False,10,228.0,0.0001625089780845125,6.877484578371882
P2_linear_wit_informative,35,271,False,10,228.0,0.00022332370918748737,6.877484578371882
P2_linear_wit_informative,36,183,False,10,228.0,0.0005228048607440735,6.877484578371882
P2_linear_wit_informative,37,571,False,10,228.0,0.00017202360868050185,6.877484578371882
P2_linear_wit_informative,38,319,False,10,228.0,0.00019871714253491768,6.877484578371882
P2_linear_wit_informative,39,768,False,10,228.0,0.00014994428977799682,6.877484578371882
P2_linear_wit_informative,40,535,False,10,228.0,0.00043306341194979917,6.877484578371882
P2_linear_wit_informative,41,1004,False,10,228.0,0.0001730933455374672,6.877484578371882
P2_linear_wit_informative,42,813,False,10,228.0,0.00014253763458677742,6.877484578371882
P2_linear_wit_informative,43,417,False,10,228.0,0.00017277292356174896,6.877484578371882
P2_linear_wit_informative,44,1003,False,10,228.0,0.0001791745016169113,6.877484578371882
P2_linear_wit_informative,45,957,False,10,228.0,0.00015656719288573704,6.877484578371882
P2_linear_wit_informative,46,485,False,10,228.0,0.0004491518795086133,6.877484578371882
P2_linear_wit_informative,47,378,False,10,228.0,0.0002796623470436413,6.877484578371882
P2_linear_wit_informative,48,779,False,10,228.0,0.0002398749730592914,6.877484578371882
P2_linear_wit_informative,49,208,False,10,228.0,0.00021579033893937767,6.877484578371882
P3_quadratic_nowit_informative,0,909,True,3,116.0,0.003292302034183452,6.633458602989014
P3_quadratic_nowit_informative,1,547,False,9,227.0,8.984990072018086e-06,6.717125235381166
P3_quadratic_nowit_informative,2,1053,False,9,227.0,0.0015398622490935866,6.717125235381166
P3_quadratic_nowit_informative,3,812,True,1,16.0,0.0040041666689597565,6.580665615539849
P3_quadratic_nowit_informative,4,134,False,9,227.0,0.00021731809444343382,6.717125235381166
P3_quadratic_nowit_informative,5,1517,False,9,227.0,0.0001869782807709223,6.717125235381166
P3_quadratic_nowit_informative,6,874,False,9,227.0,0.0005681695638531118,6.717125235381166
P3_quadratic_nowit_informative,7,916,False,9,227.0,0.002584031013942951,6.717125235381166
P3_quadratic_nowit_informative,8,182,False,9,227.0,0.00029782042511355825,6.717125235381166
P3_quadratic_nowit_informative,9,563,False,9,227.0,0.001969811658286667,6.717125235381166
P3_quadratic_nowit_informative,10,471,False,9,227.0,0.002267556448273333,6.717125235381166
P3_quadratic_nowit_informative,11,1227,False,9,227.0,0.00017426565364788658,6.717125235381166
P3_quadratic_nowit_informative,12,758,True,2,52.0,0.0033620670772656247,6.603184374194394
P3_quadratic_nowit_informative,13,969,False,9,227.0,0.001290800588859382,6.717125235381166
P3_quadratic_nowit_informative,14,559,False,9,227.0,0.0010285840867053423,6.717125235381166
P3_quadratic_nowit_informative,15,319,False,9,227.0,0.0020469001890737145,6.717125235381166
P3_quadratic_nowit_informative,16,663,True,2,52.0,0.004545889588557066,6.603184374194394
P3_quadratic_nowit_informative,17,90,False,9,227.0,6.960485779589486e-05,6.717125235381166
P3_quadratic_nowit_informative,18,976,False,9,227.0,0.0002953548736814383,6.717125235381166
P3_quadratic_nowit_informative,19,723,False,9,227.0,0.0010298411269377642,6.717125235381166
P3_quadratic_nowit_informative,20,871,False,9,227.0,0.0011609166154517596,6.717125235381166
P3_quadratic_nowit_informative,21,465,False,9,227.0,0.0038710316619775626,6.717125235381166
P3_quadratic_nowit_informative,22,1474,False,9,227.0,0.00017024649811729755,6.717125235381166
P3_quadratic_nowit_informative,23,1120,False,9,227.0,0.0006617754001626634,6.717125235381166
P3_quadratic_nowit_informative,24,912,True,3,116.0,0.0032709049652354786,6.633458602989014
P3_quadratic_nowit_informative,25,273,False,9,227.0,0.0012904453050387962,6.717125235381166
P3_quadratic_nowit_informative,26,568,False,9,227.0,0.003763531339531696,6.717125235381166
P3_quadratic_nowit_informative,27,73,False,9,227.0,0.0006153192536120843,6.717125235381166
P3_quadratic_nowit_informative,28,223,False,9,227.0,0.0011270229987330638,6.717125235381166
P3_quadratic_nowit_informative,29,781,False,9,227.0,0.00011849179401428469,6.717125235381166
P3_quadratic_nowit_informative,30,864,True,3,116.0,0.0033455821590328,6.633458602989014
P3_quadratic_nowit_informative,31,1452,False,9,227.0,0.0002863503866561622,6.717125235381166
P3_quadratic_nowit_informative,32,422,False,9,227.0,0.0018565925769605835,6.717125235381166
P3_quadratic_nowit_informative,33,471,False,9,227.0,0.002267556448273333,6.717125235381166
P3_quadratic_nowit_informative,34,569,False,9,227.0,0.003235341288534808,6.717125235381166
P3_quadratic_nowit_informative,35,271,False,9,227.0,0.0015271791728060004,6.717125235381166
P3_quadratic_nowit_informative,36,183,False,9,227.0,0.00024173331308648867,6.717125235381166
P3_quadratic_nowit_informative,37,571,False,9,227.0,0.0022045059686322008,6.717125235381166
P3_quadratic_nowit_informative,38,319,False,9,227.0,0.0020469001890737145,6.717125235381166
P3_quadratic_nowit_informative,39,768,False,9,227.0,0.0029342505422915548,6.717125235381166
P3_quadratic_nowit_informative,40,535,False,9,227.0,6.873621181010999e-05,6.717125235381166
P3_quadratic_nowit_informative,41,1004,False,9,227.0,0.0019273369769217492,6.717125235381166
P3_quadratic_nowit_informative,42,813,True,3,116.0,0.0026290760147452004,6.633458602989014
P3_quadratic_nowit_informative,43,417,False,9,227.0,0.0031700255819209827,6.717125235381166
P3_quadratic_nowit_informative,44,1003,False,9,227.0,0.0016622606200349525,6.717125235381166
P3_quadratic_nowit_informative,45,957,True,5,206.0,0.0029053516544182262,6.693463284336811
P3_quadratic_nowit_informative,46,485,False,9,227.0,7.544250909821512e-05,6.717125235381166
P3_quadratic_nowit_informative,47,378,False,9,227.0,0.000524858660448365,6.717125235381166
P3_quadratic_nowit_informative,48,779,False,9,227.0,0.00019267789613046,6.717125235381166
P3_quadratic_nowit_informative,49,208,False,9,227.0,0.0007367494218435784,6.717125235381166
P4_quadratic_wit_informative,0,909,False,9,227.0,0.0012277182690649314,6.717125235381166
P4_quadratic_wit_informative,1,547,False,9,227.0,8.984990072018086e-06,6.717125235381166
P4_quadratic_wit_informative,2,1053,False,9,227.0,0.0015398622490935866,6.717125235381166
P4_quadratic_wit_informative,3,812,True,1,16.0,0.0040041666689597565,6.580665615539849
P4_quadratic_wit_informative,4,134,False,9,227.0,0.00021731809444343382,6.717125235381166
P4_quadratic_wit_informative,5,1517,False,9,227.0,0.0001869782807709223,6.717125235381166
P4_quadratic_wit_informative,6,874,False,9,227.0,0.0005681695638531118,6.717125235381166
P4_quadratic_wit_informative,7,916,False,9,227.0,0.002584031013942951,6.717125235381166
P4_quadratic_wit_informative,8,182,False,9,227.0,0.00029782042511355825,6.717125235381166
P4_quadratic_wit_informative,9,563,False,9,227.0,0.001969811658286667,6.717125235381166
P4_quadratic_wit_informative,10,471,False,9,227.0,0.002267556448273333,6.717125235381166
P4_quadratic_wit_informative,11,1227,False,9,227.0,0.00017426565364788658,6.717125235381166
P4_quadratic_wit_informative,12,758,True,4,196.0,0.0010628563478235571,6.668530267524565
P4_quadratic_wit_informative,13,969,False,9,227.0,0.001290800588859382,6.717125235381166
P4_quadratic_wit_informative,14,559,True,3,116.0,0.0028601742933034324,6.633458602989014
P4_quadratic_wit_informative,15,319,False,9,227.0,0.0020469001890737145,6.717125235381166
P4_quadratic_wit_informative,16,663,True,2,52.0,0.004545889588557066,6.603184374194394
P4_quadratic_wit_informative,17,90,False,9,227.0,6.960485779589486e-05,6.717125235381166
P4_quadratic_wit_informative,18,976,False,9,227.0,0.0002953548736814383,6.717125235381166
P4_quadratic_wit_informative,19,723,False,9,227.0,0.0010298411269377642,6.717125235381166
P4_quadratic_wit_informative,20,871,False,9,227.0,0.0011609166154517596,6.717125235381166
P4_quadratic_wit_informative,21,465,False,9,227.0,0.0038710316619775626,6.717125235381166
P4_quadratic_wit_informative,22,1474,False,9,227.0,0.00017024649811729755,6.717125235381166
P4_quadratic_wit_informative,23,1120,False,9,227.0,0.0006617754001626634,6.717125235381166
P4_quadratic_wit_informative,24,912,True,3,116.0,0.0032709049652354786,6.633458602989014
P4_quadratic_wit_informative,25,273,False,9,227.0,0.0012904453050387962,6.717125235381166
P4_quadratic_wit_informative,26,568,False,9,227.0,0.003763531339531696,6.717125235381166
P4_quadratic_wit_informative,27,73,False,9,227.0,0.0006153192536120843,6.717125235381166
P4_quadratic_wit_informative,28,223,False,9,227.0,0.0011270229987330638,6.717125235381166
P4_quadratic_wit_informative,29,781,False,9,227.0,0.00011849179401428469,6.717125235381166
P4_quadratic_wit_informative,30,864,True,3,116.0,0.0033455821590328,6.633458602989014
P4_quadratic_wit_informative,31,1452,False,9,227.0,0.0002863503866561622,6.717125235381166
P4_quadratic_wit_informative,32,422,False,9,227.0,0.0018565925769605835,6.717125235381166
P4_quadratic_wit_informative,33,471,False,9,227.0,0.002267556448273333,6.717125235381166
P4_quadratic_wit_informative,34,569,False,9,227.0,0.003235341288534808,6.717125235381166
P4_quadratic_wit_informative,35,271,False,9,227.0,0.0015271791728060004,6.717125235381166
P4_quadratic_wit_informative,36,183,False,9,227.0,0.00024173331308648867,6.717125235381166
P4_quadratic_wit_informative,37,571,False,9,227.0,0.0022045059686322008,6.717125235381166
P4_quadratic_wit_informative,38,319,False,9,227.0,0.0020469001890737145,6.717125235381166
P4_quadratic_wit_informative,39,768,False,9,227.0,0.0029342505422915548,6.717125235381166
P4_quadratic_wit_informative,40,535,False,9,227.0,6.873621181010999e-05,6.717125235381166
P4_quadratic_wit_informative,41,1004,False,9,227.0,0.0019273369769217492,6.717125235381166
P4_quadratic_wit_informative,42,813,True,3,116.0,0.0026290760147452004,6.633458602989014
P4_quadratic_wit_informative,43,417,False,9,227.0,0.0031700255819209827,6.717125235381166
P4_quadratic_wit_informative,44,1003,False,9,227.0,0.0016622606200349525,6.717125235381166
P4_quadratic_wit_informative,45,957,False,9,227.0,0.0015568517587318598,6.717125235381166
P4_quadratic_wit_informative,46,485,False,9,227.0,7.544250909821512e-05,6.717125235381166
P4_quadratic_wit_informative,47,378,False,9,227.0,0.000524858660448365,6.717125235381166
P4_quadratic_wit_informative,48,779,False,9,227.0,0.00019267789613046,6.717125235381166
P4_quadratic_wit_informative,49,208,False,9,227.0,0.0007367494218435784,6.717125235381166
P5_mixed_nowit_informative,0,909,True,3,156.0,0.002758772065632889,6.821700306770654
P5_mixed_nowit_informative,1,547,False,10,220.0,2.2525903924357337e-05,6.853834677624638
P5_mixed_nowit_informative,2,1053,False,10,220.0,0.0016518927975116137,6.853834677624638
P5_mixed_nowit_informative,3,812,True,2,100.0,0.0019497757520903537,6.790511399349831
P5_mixed_nowit_informative,4,134,False,10,220.0,0.0005086409494994042,6.853834677624638
P5_mixed_nowit_informative,5,1517,False,10,220.0,0.00018499362532768728,6.853834677624638
P5_mixed_nowit_informative,6,874,False,10,220.0,0.00053515428866232,6.853834677624638
P5_mixed_nowit_informative,7,916,False,10,220.0,0.0020242556680643868,6.853834677624638
P5_mixed_nowit_informative,8,182,False,10,220.0,0.0005723780740483376,6.853834677624638
P5_mixed_nowit_informative,9,563,True,3,156.0,0.003328630561424473,6.821700306770654
P5_mixed_nowit_informative,10,471,False,10,220.0,0.002016778567965802,6.853834677624638
P5_mixed_nowit_informative,11,1227,False,10,220.0,0.00014835517947126825,6.853834677624638
P5_mixed_nowit_informative,12,758,False,10,220.0,0.00046762750415438575,6.853834677624638
P5_mixed_nowit_informative,13,969,False,10,220.0,0.001080735414288073,6.853834677624638
P5_mixed_nowit_informative,14,559,False,10,220.0,0.0014365073001447687,6.853834677624638
P5_mixed_nowit_informative,15,319,False,10,220.0,0.0018532742691164037,6.853834677624638
P5_mixed_nowit_informative,16,663,True,2,100.0,0.003462653998351455,6.790511399349831
P5_mixed_nowit_informative,17,90,False,10,220.0,0.0002721861119905114,6.853834677624638
P5_mixed_nowit_informative,18,976,False,10,220.0,0.0002737261890731482,6.853834677624638
P5_mixed_nowit_informative,19,723,False,10,220.0,0.0009657174855107404,6.853834677624638
P5_mixed_nowit_informative,20,871,False,10,220.0,0.0010172529681204084,6.853834677624638
P5_mixed_nowit_informative,21,465,False,10,220.0,0.0030057874692322583,6.853834677624638
P5_mixed_nowit_informative,22,1474,False,10,220.0,0.0001591854471859024,6.853834677624638
P5_mixed_nowit_informative,23,1120,False,10,220.0,0.0005550993410377193,6.853834677624638
P5_mixed_nowit_informative,24,912,True,3,156.0,0.002680505431977453,6.821700306770654
P5_mixed_nowit_informative,25,273,False,10,220.0,0.0013594446267528404,6.853834677624638
P5_mixed_nowit_informative,26,568,False,10,220.0,0.0029710695922261204,6.853834677624638
P5_mixed_nowit_informative,27,73,False,10,220.0,0.000765819999325989,6.853834677624638
P5_mixed_nowit_informative,28,223,False,10,220.0,0.0012283537007861294,6.853834677624638
P5_mixed_nowit_informative,29,781,False,10,220.0,0.0001354031543092111,6.853834677624638
P5_mixed_nowit_informative,30,864,True,2,100.0,0.0025354791243758466,6.790511399349831
P5_mixed_nowit_informative,31,1452,False,10,220.0,0.0005069933897277993,6.853834677624638
P5_mixed_nowit_informative,32,422,False,10,220.0,0.0017431165717452877,6.853834677624638
P5_mixed_nowit_informative,33,471,False,10,220.0,0.002016778567965802,6.853834677624638
P5_mixed_nowit_informative,34,569,False,10,220.0,0.0026307466134283313,6.853834677624638
P5_mixed_nowit_informative,35,271,False,10,220.0,0.0015036338850184453,6.853834677624638
P5_mixed_nowit_informative,36,183,False,10,220.0,0.0005004854648387043,6.853834677624638
P5_mixed_nowit_informative,37,571,False,10,220.0,0.0019224001249080296,6.853834677624638
P5_mixed_nowit_informative,38,319,False,10,220.0,0.0018532742691164037,6.853834677624638
P5_mixed_nowit_informative,39,768,False,10,220.0,0.002325801692894696,6.853834677624638
P5_mixed_nowit_informative,40,535,False,10,220.0,0.00010750490964030719,6.853834677624638
P5_mixed_nowit_informative,41,1004,False,10,220.0,0.0018835136709690575,6.853834677624638
P5_mixed_nowit_informative,42,813,True,3,156.0,0.0013164330800069259,6.821700306770654
P5_mixed_nowit_informative,43,417,False,10,220.0,0.002594538438269933,6.853834677624638
P5_mixed_nowit_informative,44,1003,False,10,220.0,0.0017156519604438934,6.853834677624638
P5_mixed_nowit_informative,45,957,False,10,220.0,0.0012951533256208142,6.853834677624638
P5_mixed_nowit_informative,46,485,False,10,220.0,0.00012523746053111175,6.853834677624638
P5_mixed_nowit_informative,47,378,False,10,220.0,0.0006763061384603458,6.853834677624638
P5_mixed_nowit_informative,48,779,False,10,220.0,0.0002114521191596398,6.853834677624638
P5_mixed_nowit_informative,49,208,False,10,220.0,0.000879142343952263,6.853834677624638
P6_mixed_wit_informative,0,909,True,5,206.0,0.0016211491384789452,6.98637769530661
P6_mixed_wit_informative,1,547,False,10,226.0,9.696203304439953e-05,6.995596737227253
P6_mixed_wit_informative,2,1053,False,10,226.0,0.0005288266306077088,6.995596737227253
P6_mixed_wit_informative,3,812,True,2,52.0,0.0023464249517769465,6.92086754301269
P6_mixed_wit_informative,4,134,False,10,226.0,0.0012855918536075729,6.995596737227253
P6_mixed_wit_informative,5,1517,False,10,226.0,0.0001631259838519488,6.995596737227253
P6_mixed_wit_informative,6,874,False,10,226.0,0.000986682875629721,6.995596737227253
P6_mixed_wit_informative,7,916,False,10,226.0,0.002084547816547351,6.995596737227253
P6_mixed_wit_informative,8,182,False,10,226.0,0.001333083423513853,6.995596737227253
P6_mixed_wit_informative,9,563,True,2,52.0,0.0024696339782164325,6.92086754301269
P6_mixed_wit_informative,10,471,True,8,222.0,0.002878131254621943,6.991033619801186
P6_mixed_wit_informative,11,1227,False,10,226.0,0.00030163039779759304,6.995596737227253
P6_mixed_wit_informative,12,758,False,10,226.0,0.0015787158922793655,6.995596737227253
P6_mixed_wit_informative,13,969,False,10,226.0,0.0013978819851477526,6.995596737227253
P6_mixed_wit_informative,14,559,False,10,226.0,0.0014440700445024696,6.995596737227253
P6_mixed_wit_informative,15,319,False,10,226.0,0.0022012118371777453,6.995596737227253
P6_mixed_wit_informative,16,663,True,1,16.0,0.002739247769903987,6.908117562358332
P6_mixed_wit_informative,17,90,False,10,226.0,0.000906065085727334,6.995596737227253
P6_mixed_wit_informative,18,976,False,10,226.0,0.0005616185416140114,6.995596737227253
P6_mixed_wit_informative,19,723,False,10,226.0,0.0016776023258632618,6.995596737227253
P6_mixed_wit_informative,20,871,False,10,226.0,0.0015383098173453887,6.995596737227253
P6_mixed_wit_informative,21,465,True,4,186.0,0.0025652740811222758,6.95920146463058
P6_mixed_wit_informative,22,1474,False,10,226.0,0.0002310011992824808,6.995596737227253
P6_mixed_wit_informative,23,1120,False,10,226.0,0.0007445782353383909,6.995596737227253
P6_mixed_wit_informative,24,912,True,5,206.0,0.0020730383432695835,6.98637769530661
P6_mixed_wit_informative,25,273,False,10,226.0,0.0020597320255753243,6.995596737227253
P6_mixed_wit_informative,26,568,False,10,226.0,0.0019435463267784062,6.995596737227253
P6_mixed_wit_informative,27,73,False,10,226.0,0.0010578535609627347,6.995596737227253
P6_mixed_wit_informative,28,223,False,10,226.0,0.0018204708451517071,6.995596737227253
P6_mixed_wit_informative,29,781,False,10,226.0,0.0003584020087330095,6.995596737227253
P6_mixed_wit_informative,30,864,False,10,226.0,0.0016775793930912312,6.995596737227253
P6_mixed_wit_informative,31,1452,False,10,226.0,0.00014834403769824631,6.995596737227253
P6_mixed_wit_informative,32,422,False,10,226.0,0.0026326244798523597,6.995596737227253
P6_mixed_wit_informative,33,471,True,8,222.0,0.002878131254621943,6.991033619801186
P6_mixed_wit_informative,34,569,False,10,226.0,0.0020121995812910558,6.995596737227253
P6_mixed_wit_informative,35,271,False,10,226.0,0.002008614820540085,6.995596737227253
P6_mixed_wit_informative,36,183,False,10,226.0,0.001220307888295888,6.995596737227253
P6_mixed_wit_informative,37,571,True,10,226.0,0.002834950332868785,6.994485290991523
P6_mixed_wit_informative,38,319,False,10,226.0,0.0022012118371777453,6.995596737227253
P6_mixed_wit_informative,39,768,False,10,226.0,0.0028155252042333704,6.995596737227253
P6_mixed_wit_informative,40,535,False,10,226.0,0.0003146412905708376,6.995596737227253
P6_mixed_wit_informative,41,1004,False,10,226.0,0.0006588174544720689,6.995596737227253
P6_mixed_wit_informative,42,813,True,2,52.0,0.002482290401253901,6.92086754301269
P6_mixed_wit_informative,43,417,False,10,226.0,0.002731559670246552,6.995596737227253
P6_mixed_wit_informative,44,1003,False,10,226.0,0.000548456222336851,6.995596737227253
P6_mixed_wit_informative,45,957,False,10,226.0,0.001150653201392506,6.995596737227253
P6_mixed_wit_informative,46,485,False,10,226.0,0.0003602961071082042,6.995596737227253
P6_mixed_wit_informative,47,378,False,10,226.0,0.0014065727950144506,6.995596737227253
P6_mixed_wit_informative,48,779,False,10,226.0,0.0005115862939194122,6.995596737227253
P6_mixed_wit_informative,49,208,False,10,226.0,0.00047200258046767134,6.995596737227253
P7_mixed_wit_weak,0,909,False,6,230.0,0.001918236499861133,6.7321623784186935
P7_mixed_wit_weak,1,547,False,6,230.0,1.8574091679987558e-05,6.7321623784186935
P7_mixed_wit_weak,2,1053,False,6,230.0,0.001305844532491327,6.7321623784186935
P7_mixed_wit_weak,3,812,True,3,212.0,0.001969116600310263,6.660034238527074
P7_mixed_wit_weak,4,134,False,6,230.0,0.0009769013699310923,6.7321623784186935
P7_mixed_wit_weak,5,1517,False,6,230.0,0.00012031829158115547,6.7321623784186935
P7_mixed_wit_weak,6,874,False,6,230.0,0.00042899293742342556,6.7321623784186935
P7_mixed_wit_weak,7,916,False,6,230.0,0.002291561779803055,6.7321623784186935
P7_mixed_wit_weak,8,182,False,6,230.0,0.0009198462667996393,6.7321623784186935
P7_mixed_wit_weak,9,563,True,2,84.0,0.004408267133051405,6.588552020538429
P7_mixed_wit_weak,10,471,False,6,230.0,0.0029575186783732266,6.7321623784186935
P7_mixed_wit_weak,11,1227,False,6,230.0,0.00011903351462083241,6.7321623784186935
P7_mixed_wit_weak,12,758,False,6,230.0,0.0031542264227499314,6.7321623784186935
P7_mixed_wit_weak,13,969,False,6,230.0,0.000987010523423284,6.7321623784186935
P7_mixed_wit_weak,14,559,True,3,212.0,0.0019989480977115155,6.660034238527074
P7_mixed_wit_weak,15,319,False,6,230.0,0.0021550585344580703,6.7321623784186935
P7_mixed_wit_weak,16,663,False,6,230.0,0.0007303608929302554,6.7321623784186935
P7_mixed_wit_weak,17,90,False,6,230.0,0.0005894148605109726,6.7321623784186935
P7_mixed_wit_weak,18,976,False,6,230.0,0.00019088055929955533,6.7321623784186935
P7_mixed_wit_weak,19,723,False,6,230.0,0.0009207195209863971,6.7321623784186935
P7_mixed_wit_weak,20,871,False,6,230.0,0.0009809137386899657,6.7321623784186935
P7_mixed_wit_weak,21,465,False,6,230.0,0.004171224191753271,6.7321623784186935
P7_mixed_wit_weak,22,1474,False,6,230.0,0.0001911783366290759,6.7321623784186935
P7_mixed_wit_weak,23,1120,False,6,230.0,0.00044071059173181033,6.7321623784186935
P7_mixed_wit_weak,24,912,False,6,230.0,0.003676951934891447,6.7321623784186935
P7_mixed_wit_weak,25,273,False,6,230.0,0.001891574695964698,6.7321623784186935
P7_mixed_wit_weak,26,568,False,6,230.0,0.005201991781784638,6.7321623784186935
P7_mixed_wit_weak,27,73,False,6,230.0,0.0007246374323590695,6.7321623784186935
P7_mixed_wit_weak,28,223,False,6,230.0,0.0015805432434636512,6.7321623784186935
P7_mixed_wit_weak,29,781,False,6,230.0,8.041544430215458e-05,6.7321623784186935
P7_mixed_wit_weak,30,864,False,6,230.0,0.0017718177927431163,6.7321623784186935
P7_mixed_wit_weak,31,1452,False,6,230.0,0.0002573407477923254,6.7321623784186935
P7_mixed_wit_weak,32,422,False,6,230.0,0.0024625921026593034,6.7321623784186935
P7_mixed_wit_weak,33,471,False,6,230.0,0.0029575186783732266,6.7321623784186935
P7_mixed_wit_weak,34,569,False,6,230.0,0.004285558327909082,6.7321623784186935
P7_mixed_wit_weak,35,271,False,6,230.0,0.001791157093769392,6.7321623784186935
P7_mixed_wit_weak,36,183,False,6,230.0,0.0007707230224396943,6.7321623784186935
P7_mixed_wit_weak,37,571,False,6,230.0,0.002537104376968589,6.7321623784186935
P7_mixed_wit_weak,38,319,False,6,230.0,0.0021550585344580703,6.7321623784186935
P7_mixed_wit_weak,39,768,False,6,230.0,0.0032181220186643707,6.7321623784186935
P7_mixed_wit_weak,40,535,False,6,230.0,5.8416755338588285e-05,6.7321623784186935
P7_mixed_wit_weak,41,1004,False,6,230.0,0.0014825064615170784,6.7321623784186935
P7_mixed_wit_weak,42,813,False,6,230.0,0.0009280040016949436,6.7321623784186935
P7_mixed_wit_weak,43,417,False,6,230.0,0.003597456998546769,6.7321623784186935
P7_mixed_wit_weak,44,1003,False,6,230.0,0.001274270658425864,6.7321623784186935
P7_mixed_wit_weak,45,957,False,6,230.0,0.0023592013888574016,6.7321623784186935
P7_mixed_wit_weak,46,485,False,6,230.0,7.20237462738426e-05,6.7321623784186935
P7_mixed_wit_weak,47,378,False,6,230.0,0.0006785427080350635,6.7321623784186935
P7_mixed_wit_weak,48,779,False,6,230.0,0.0001387671506546432,6.7321623784186935
P7_mixed_wit_weak,49,208,False,6,230.0,0.0006370132612017017,6.7321623784186935
P8_mixed_wit_vague,0,909,False,10,223.0,0.0015128764973690513,6.50757535607341
P8_mixed_wit_vague,1,547,False,10,223.0,1.1053204601962342e-06,6.50757535607341
P8_mixed_wit_vague,2,1053,False,10,223.0,0.001890394165418051,6.50757535607341
P8_mixed_wit_vague,3,812,True,2,123.0,0.0071359391012542845,6.367283513858261
P8_mixed_wit_vague,4,134,False,10,223.0,0.0004972615313145384,6.50757535607341
P8_mixed_wit_vague,5,1517,False,10,223.0,6.870652093899801e-05,6.50757535607341
P8_mixed_wit_vague,6,874,False,10,223.0,0.00013802336365449012,6.50757535607341
P8_mixed_wit_vague,7,916,False,10,223.0,0.0017554212602720715,6.50757535607341
P8_mixed_wit_vague,8,182,False,10,223.0,0.00048300664774807107,6.50757535607341
P8_mixed_wit_vague,9,563,False,10,223.0,0.004484064558651211,6.50757535607341
P8_mixed_wit_vague,10,471,False,10,223.0,0.0021640163327813966,6.50757535607341
P8_mixed_wit_vague,11,1227,False,10,223.0,2.199003149656062e-05,6.50757535607341
P8_mixed_wit_vague,12,758,False,10,223.0,0.003946109151706773,6.50757535607341
P8_mixed_wit_vague,13,969,False,10,223.0,0.0006616465549986768,6.50757535607341
P8_mixed_wit_vague,14,559,True,4,180.0,0.002166560397095091,6.403496650352341
P8_mixed_wit_vague,15,319,False,10,223.0,0.0016457742732885446,6.50757535607341
P8_mixed_wit_vague,16,663,True,2,123.0,0.002435658027052891,6.367283513858261
P8_mixed_wit_vague,17,90,False,10,223.0,0.0003348214802347796,6.50757535607341
P8_mixed_wit_vague,18,976,False,10,223.0,3.230191690013427e-05,6.50757535607341
P8_mixed_wit_vague,19,723,False,10,223.0,0.00047030957508394,6.50757535607341
P8_mixed_wit_vague,20,871,False,10,223.0,0.0005659010761602358,6.50757535607341
P8_mixed_wit_vague,21,465,False,10,223.0,0.0044917297272263675,6.50757535607341
P8_mixed_wit_vague,22,1474,False,10,223.0,0.00013714964810971895,6.50757535607341
P8_mixed_wit_vague,23,1120,False,10,223.0,0.0003034912700213239,6.50757535607341
P8_mixed_wit_vague,24,912,False,10,223.0,0.004297333912583781,6.50757535607341
P8_mixed_wit_vague,25,273,False,10,223.0,0.0017199467512920208,6.50757535607341
P8_mixed_wit_vague,26,568,False,10,223.0,0.005659440525105324,6.50757535607341
P8_mixed_wit_vague,27,73,False,10,223.0,0.000579148895574194,6.50757535607341
P8_mixed_wit_vague,28,223,False,10,223.0,0.0011941307685400147,6.50757535607341
P8_mixed_wit_vague,29,781,False,10,223.0,1.5055103872457882e-05,6.50757535607341
P8_mixed_wit_vague,30,864,False,10,223.0,0.00280553818244154,6.50757535607341
P8_mixed_wit_vague,31,1452,False,10,223.0,0.00017951833662928866,6.50757535607341
P8_mixed_wit_vague,32,422,False,10,223.0,0.0018575505938796296,6.50757535607341
P8_mixed_wit_vague,33,471,False,10,223.0,0.0021640163327813966,6.50757535607341
P8_mixed_wit_vague,34,569,False,10,223.0,0.0038783396848477993,6.50757535607341
P8_mixed_wit_vague,35,271,False,10,223.0,0.0013442802383015295,6.50757535607341
P8_mixed_wit_vague,36,183,False,10,223.0,0.00034820961584647336,6.50757535607341
P8_mixed_wit_vague,37,571,False,10,223.0,0.0015468005660181036,6.50757535607341
P8_mixed_wit_vague,38,319,False,10,223.0,0.0016457742732885446,6.50757535607341
P8_mixed_wit_vague,39,768,False,10,223.0,0.0027794798513093187,6.50757535607341
P8_mixed_wit_vague,40,535,False,10,223.0,1.5534858911160173e-05,6.50757535607341
P8_mixed_wit_vague,41,1004,False,10,223.0,0.0018875920296182137,6.50757535607341
P8_mixed_wit_vague,42,813,True,4,180.0,0.001728259745713749,6.403496650352341
P8_mixed_wit_vague,43,417,False,10,223.0,0.003260797891568017,6.50757535607341
P8_mixed_wit_vague,44,1003,False,10,223.0,0.0016701228464442695,6.50757535607341
P8_mixed_wit_vague,45,957,False,10,223.0,0.0032592151611989507,6.50757535607341
P8_mixed_wit_vague,46,485,False,10,223.0,2.1258982960623584e-05,6.50757535607341
P8_mixed_wit_vague,47,378,False,10,223.0,0.0003627657696404839,6.50757535607341
P8_mixed_wit_vague,48,779,False,10,223.0,4.077537077454914e-05,6.50757535607341
P8_mixed_wit_vague,49,208,False,10,223.0,0.000644588032077682,6.50757535607341
P9_mixed_wit_uniform30,0,909,False,7,230.0,0.0012982364056053231,7.24646785566674
P9_mixed_wit_uniform30,1,547,False,7,230.0,0.00025452957627651823,7.24646785566674
P9_mixed_wit_uniform30,2,1053,False,7,230.0,0.0005431487856892345,7.24646785566674
P9_mixed_wit_uniform30,3,812,True,2,104.0,0.0018239330000945483,7.2081966006388045
P9_mixed_wit_uniform30,4,134,False,7,230.0,0.0010489021667388122,7.24646785566674
P9_mixed_wit_uniform30,5,1517,False,7,230.0,0.00029874757256850946,7.24646785566674
P9_mixed_wit_uniform30,6,874,False,7,230.0,0.0008491384597873901,7.24646785566674
P9_mixed_wit_uniform30,7,916,False,7,230.0,0.0015828520197258946,7.24646785566674
P9_mixed_wit_uniform30,8,182,False,7,230.0,0.001080641233653437,7.24646785566674
P9_mixed_wit_uniform30,9,563,True,2,104.0,0.0019105264603775998,7.2081966006388045
P9_mixed_wit_uniform30,10,471,False,7,230.0,0.002123401584214615,7.24646785566674
P9_mixed_wit_uniform30,11,1227,False,7,230.0,0.00039131138696476447,7.24646785566674
P9_mixed_wit_uniform30,12,758,False,7,230.0,0.0012447997438466763,7.24646785566674
P9_mixed_wit_uniform30,13,969,False,7,230.0,0.001123946727401661,7.24646785566674
P9_mixed_wit_uniform30,14,559,False,7,230.0,0.0011548146458429539,7.24646785566674
P9_mixed_wit_uniform30,15,319,False,7,230.0,0.001660819691980662,7.24646785566674
P9_mixed_wit_uniform30,16,663,True,1,32.0,0.002088902010361362,7.195154467844734
P9_mixed_wit_uniform30,17,90,False,7,230.0,0.0007952608256457851,7.24646785566674
P9_mixed_wit_uniform30,18,976,False,7,230.0,0.0005650639310453754,7.24646785566674
P9_mixed_wit_uniform30,19,723,False,7,230.0,0.0013108864859497805,7.24646785566674
P9_mixed_wit_uniform30,20,871,False,7,230.0,0.0012177959804710377,7.24646785566674
P9_mixed_wit_uniform30,21,465,True,4,208.0,0.001965304258636447,7.231522390766254
P9_mixed_wit_uniform30,22,1474,False,7,230.0,0.00034410922324978844,7.24646785566674
P9_mixed_wit_uniform30,23,1120,False,7,230.0,0.0006873376308463463,7.24646785566674
P9_mixed_wit_uniform30,24,912,False,7,230.0,0.0016072286815619198,7.24646785566674
P9_mixed_wit_uniform30,25,273,False,7,230.0,0.0015662673910906485,7.24646785566674
P9_mixed_wit_uniform30,26,568,False,7,230.0,0.0014043747740843722,7.24646785566674
P9_mixed_wit_uniform30,27,73,False,7,230.0,0.0008967025042820642,7.24646785566674
P9_mixed_wit_uniform30,28,223,False,7,230.0,0.0014063668733666997,7.24646785566674
P9_mixed_wit_uniform30,29,781,False,7,230.0,0.0004292523933767665,7.24646785566674
P9_mixed_wit_uniform30,30,864,False,7,230.0,0.0012450130658492337,7.24646785566674
P9_mixed_wit_uniform30,31,1452,False,7,230.0,0.0002888686576573664,7.24646785566674
P9_mixed_wit_uniform30,32,422,False,7,230.0,0.0019491368556517241,7.24646785566674
P9_mixed_wit_uniform30,33,471,False,7,230.0,0.002123401584214615,7.24646785566674
P9_mixed_wit_uniform30,34,569,False,7,230.0,0.002425937848355981,7.24646785566674
P9_mixed_wit_uniform30,35,271,False,7,230.0,0.001532105277808149,7.24646785566674
P9_mixed_wit_uniform30,36,183,False,7,230.0,0.0010052722731057197,7.24646785566674
P9_mixed_wit_uniform30,37,571,False,7,230.0,0.002086819517734031,7.24646785566674
P9_mixed_wit_uniform30,38,319,False,7,230.0,0.001660819691980662,7.24646785566674
P9_mixed_wit_uniform30,39,768,False,7,230.0,0.002071371145680838,7.24646785566674
P9_mixed_wit_uniform30,40,535,False,7,230.0,0.00040000669009253916,7.24646785566674
P9_mixed_wit_uniform30,41,1004,False,7,230.0,0.0006300228870310084,7.24646785566674
P9_mixed_wit_uniform30,42,813,False,7,230.0,0.0005299376596384849,7.24646785566674
P9_mixed_wit_uniform30,43,417,False,7,230.0,0.002015256182393904,7.24646785566674
P9_mixed_wit_uniform30,44,1003,False,7,230.0,0.0005562674281478326,7.24646785566674
P9_mixed_wit_uniform30,45,957,False,7,230.0,0.000958721384750029,7.24646785566674
P9_mixed_wit_uniform30,46,485,False,7,230.0,0.0004305182372979471,7.24646785566674
P9_mixed_wit_uniform30,47,378,False,7,230.0,0.0011297548781207414,7.24646785566674
P9_mixed_wit_uniform30,48,779,False,7,230.0,0.0005316269050510429,7.24646785566674
P9_mixed_wit_uniform30,49,208,False,7,230.0,0.0005051727336590796,7.24646785566674
P10_mixed_wit_uniform50_temp2,0,909,False,5,230.0,0.00108051022492865,7.351473859098199
P10_mixed_wit_uniform50_temp2,1,547,False,5,230.0,0.0003535054167050547,7.351473859098199
P10_mixed_wit_uniform50_temp2,2,1053,False,5,230.0,0.0005545461180710458,7.351473859098199
P10_mixed_wit_uniform50_temp2,3,812,False,5,230.0,0.0003651735207236391,7.351473859098199
P10_mixed_wit_uniform50_temp2,4,134,False,5,230.0,0.0009068338769188412,7.351473859098199
P10_mixed_wit_uniform50_temp2,5,1517,False,5,230.0,0.0003843059202669255,7.351473859098199
P10_mixed_wit_uniform50_temp2,6,874,False,5,230.0,0.0007676863966291431,7.351473859098199
P10_mixed_wit_uniform50_temp2,7,916,False,5,230.0,0.0012787621805034097,7.351473859098199
P10_mixed_wit_uniform50_temp2,8,182,False,5,230.0,0.0009289420528999276,7.351473859098199
P10_mixed_wit_uniform50_temp2,9,563,False,5,230.0,0.0004087964326746018,7.351473859098199
P10_mixed_wit_uniform50_temp2,10,471,False,5,230.0,0.0016552875815292823,7.351473859098199
P10_mixed_wit_uniform50_temp2,11,1227,False,5,230.0,0.0004487822044518915,7.351473859098199
P10_mixed_wit_uniform50_temp2,12,758,False,5,230.0,0.0010432883644001174,7.351473859098199
P10_mixed_wit_uniform50_temp2,13,969,False,5,230.0,0.0009591069433583931,7.351473859098199
P10_mixed_wit_uniform50_temp2,14,559,False,5,230.0,0.0009806083118424006,7.351473859098199
P10_mixed_wit_uniform50_temp2,15,319,False,5,230.0,0.001333071370615416,7.351473859098199
P10_mixed_wit_uniform50_temp2,16,663,True,1,32.0,0.001655338170666279,7.3244913511527905
P10_mixed_wit_uniform50_temp2,17,90,False,5,230.0,0.0007301573722173284,7.351473859098199
P10_mixed_wit_uniform50_temp2,18,976,False,5,230.0,0.0005698113396822518,7.351473859098199
P10_mixed_wit_uniform50_temp2,19,723,False,5,230.0,0.0010893217694892523,7.351473859098199
P10_mixed_wit_uniform50_temp2,20,871,False,5,230.0,0.0010244786131725179,7.351473859098199
P10_mixed_wit_uniform50_temp2,21,465,False,5,230.0,0.0004898076792481459,7.351473859098199
P10_mixed_wit_uniform50_temp2,22,1474,False,5,230.0,0.0004159030481456967,7.351473859098199
P10_mixed_wit_uniform50_temp2,23,1120,False,5,230.0,0.0006549823524385453,7.351473859098199
P10_mixed_wit_uniform50_temp2,24,912,False,5,230.0,0.0012957419969281308,7.351473859098199
P10_mixed_wit_uniform50_temp2,25,273,False,5,230.0,0.0012672099855559253,7.351473859098199
P10_mixed_wit_uniform50_temp2,26,568,False,5,230.0,0.0008024540690804144,7.351473859098199
P10_mixed_wit_uniform50_temp2,27,73,False,5,230.0,0.0008008176247427187,7.351473859098199
P10_mixed_wit_uniform50_temp2,28,223,False,5,230.0,0.0011558296228371045,7.351473859098199
P10_mixed_wit_uniform50_temp2,29,781,False,5,230.0,0.0004752104056624807,7.351473859098199
P10_mixed_wit_uniform50_temp2,30,864,False,5,230.0,0.0009822714389562386,7.351473859098199
P10_mixed_wit_uniform50_temp2,31,1452,False,5,230.0,0.00037742465970733776,7.351473859098199
P10_mixed_wit_uniform50_temp2,32,422,False,5,230.0,0.0015339016788898647,7.351473859098199
P10_mixed_wit_uniform50_temp2,33,471,False,5,230.0,0.0016552875815292823,7.351473859098199
P10_mixed_wit_uniform50_temp2,34,569,False,5,230.0,0.001866022351593229,7.351473859098199
P10_mixed_wit_uniform50_temp2,35,271,False,5,230.0,0.0012434140115165223,7.351473859098199
P10_mixed_wit_uniform50_temp2,36,183,False,5,230.0,0.0008764430223587148,7.351473859098199
P10_mixed_wit_uniform50_temp2,37,571,False,5,230.0,0.0016298059640110346,7.351473859098199
P10_mixed_wit_uniform50_temp2,38,319,False,5,230.0,0.001333071370615416,7.351473859098199
P10_mixed_wit_uniform50_temp2,39,768,False,5,230.0,0.001619045240361156,7.351473859098199
P10_mixed_wit_uniform50_temp2,40,535,False,5,230.0,0.0004548390079576415,7.351473859098199
P10_mixed_wit_uniform50_temp2,41,1004,False,5,230.0,0.000615059173663668,7.351473859098199
P10_mixed_wit_uniform50_temp2,42,813,False,5,230.0,0.00041396206068810784,7.351473859098199
P10_mixed_wit_uniform50_temp2,43,417,False,5,230.0,0.0015799577811470324,7.351473859098199
P10_mixed_wit_uniform50_temp2,44,1003,False,5,230.0,0.0005636840444281058,7.351473859098199
P10_mixed_wit_uniform50_temp2,45,957,False,5,230.0,0.0008440175186533969,7.351473859098199
P10_mixed_wit_uniform50_temp2,46,485,False,5,230.0,0.00047609214236410863,7.351473859098199
P10_mixed_wit_uniform50_temp2,47,378,False,5,230.0,0.0009631526709334191,7.351473859098199
P10_mixed_wit_uniform50_temp2,48,779,False,5,230.0,0.0005465204327077236,7.351473859098199
P10_mixed_wit_uniform50_temp2,49,208,False,5,230.0,0.0005280935054719438,7.351473859098199
